{"cameraMode":{"drawMode":0,"name":"Shaded","section":"Shading Mode"},"sceneLighting":true,"audioPlay":false,"sceneViewState":{"m_AlwaysRefresh":false,"showFog":true,"showSkybox":true,"showFlares":true,"showImageEffects":true,"showParticleSystems":true,"showVisualEffectGraphs":true,"m_FxEnabled":true},"in2DMode":false,"pivot":{"x":-2.221508026123047,"y":0.7033467292785645,"z":30.019866943359376},"rotation":{"x":0.19464237987995149,"y":0.007356492802500725,"z":-0.0014598323032259942,"w":0.9808468222618103},"size":4.5187506675720219,"orthographic":true}