{"cameraMode":{"drawMode":0,"name":"Shaded","section":"Shading Mode"},"sceneLighting":true,"audioPlay":false,"sceneViewState":{"m_AlwaysRefresh":false,"showFog":true,"showSkybox":true,"showFlares":true,"showImageEffects":true,"showParticleSystems":true,"showVisualEffectGraphs":true,"m_FxEnabled":true},"in2DMode":false,"pivot":{"x":-0.11849869787693024,"y":1.0349074602127076,"z":220.5286865234375},"rotation":{"x":0.15836584568023683,"y":-0.10199785977602005,"z":0.016448941081762315,"w":0.9819635152816773},"size":12.503154754638672,"orthographic":true}